# onset,offset,note
1.137823	1.323508	53.000000
1.323508	1.625517	53.000000
1.625517	1.950629	53.000000
1.950629	2.113017	49.000000
2.113017	2.391588	53.000000
2.391588	2.786342	56.000000
3.018708	3.459668	49.000000
