# onset,offset,note
1.370059	1.950252	48.000000
1.950252	2.600632	50.000000
2.600632	3.157806	52.000000
3.157806	3.714979	53.000000
3.714979	4.249248	55.000000
4.249248	4.829860	57.000000
4.829860	5.340691	59.000000
5.340691	6.316011	60.000000
