# onset,offset,note
0.812581	1.114473	41.000000
1.114473	1.416425	43.000000
1.416425	1.764828	45.000000
1.764828	2.089890	46.000000
2.089890	2.670336	48.000000
2.670336	3.041837	48.000000
3.041837	3.204414	50.000000
3.204414	3.366853	50.000000
3.366853	3.575920	50.000000
3.575920	3.831339	50.000000
3.831339	4.667194	48.000000
