# onset,offset,note
1.045134	1.300527	56.000000
1.300527	1.625340	56.000000
1.625340	1.950790	58.000000
1.950790	2.670545	60.000000
2.670545	3.529269	60.000000
3.529269	3.901014	60.000000
3.901014	4.249322	58.000000
4.249322	4.597629	60.000000
4.597629	5.270807	56.000000
5.270807	5.921183	56.000000
