# onset,offset,note
0.929049	1.439490	55.000000
1.439490	2.043457	59.000000
2.043457	3.227437	57.000000
3.227437	3.808048	57.000000
3.808048	4.318820	60.000000
4.318820	5.201219	59.000000
5.549586	6.176539	59.000000
6.176539	7.244392	62.000000
7.244392	7.848117	61.000000
7.848117	8.869845	62.000000
