# onset,offset,note
0.696390	1.276939	41.000000
1.276939	1.788119	46.000000
1.788119	1.974003	46.000000
1.974003	2.716797	46.000000
3.134380	3.738473	48.000000
3.738473	4.156057	50.000000
4.156057	4.318634	50.000000
4.318634	4.876217	50.000000
5.364100	5.688757	50.000000
5.688757	6.060648	48.000000
6.060648	6.315950	50.000000
6.315950	7.035962	51.000000
7.035962	7.731926	45.000000
7.731926	8.266432	48.000000
8.266432	9.148677	46.000000
