# onset,offset,note
0.882353	1.486098	58.000000
1.486098	2.112821	61.000000
2.112821	2.878982	59.000000
2.878982	3.227289	58.000000
3.227289	4.202550	56.000000
4.202550	4.550858	54.000000
4.550858	5.224686	58.000000
